{"DifferentialEvolutionAlgorithm": {"ackley": [0.00011496146410339136, 0.00016199202831090886, 0.0001079944675272948], "whitley": [60.194893583231924, 70.92076147602752, 70.59283735693201], "alpine2": [-8031.434650548316, -11930.070798952365, -15064.859839655708], "MyBenchmark": [6.681453942132406e-10, 5.890541667251821e-10, 1.4073432155113088e-09]}, "ArtificialBeeColonyAlgorithm": {"ackley": [0.0002123409297287715, 0.0002037344748697656, 0.00043531315249412117], "whitley": [22.205262169262582, 12.186671582228753, 37.105404089059604], "alpine2": [-23676.408002551958, -23378.116268229147, -14308.079076900029], "MyBenchmark": [6.137903045353874e-09, 1.5909942134253825e-09, 1.1675897372379376e-09]}, "GreyWolfOptimizer": {"ackley": [2.886579864025407e-14, 2.531308496145357e-14, 6.794564910705958e-14], "whitley": [45.36027057476294, 43.844401884559126, 41.69018086626161], "alpine2": [-286.4967713186671, -453.3926934098142, -299.1344111141118], "MyBenchmark": [2.8971282476981807e-32, 1.3623126263903728e-31, 1.4618500463708059e-31]}}