{"ArtificialBeeColonyAlgorithm":{"ackley":[[[0.0,0.0,0.0,-0.0,0.0,-0.0,0.0,0.0,-0.0,-0.0],0.0],[[-0.0000002317,-0.0000058989,-0.0002018338,0.0000000456,-0.0000091737,-0.0000002347,0.0000006999,0.0000060823,-0.0000000037,-0.0000013141],0.000256015],[[0.0,0.0,-0.0,0.0,-0.0,-0.0,-0.0,0.0,0.0,0.0],0.0]],"whitley":[[[1.3982014827,1.3971356479,1.284139109,1.3962348678,1.3989101902,1.4514134129,1.3978095884,1.3977227607,1.3979636613,1.3969067726],40.8851392178],[[0.9869983119,0.9802401824,0.968491615,0.9840129748,0.9870348414,0.6999417535,0.9618919842,0.8711280773,1.1885955403,1.0363015377],41.0211899819],[[1.0571950637,1.0547493152,1.0519578954,1.0601311355,1.0571095174,1.0573256435,1.0592379642,1.1479388307,1.0558621577,1.0678663384],9.9651468115]],"alpine2":[[[7.9170526891,1.847907521,7.9170526733,4.8158423069,7.9170526745,7.9170526711,7.9170526836,7.9170526795,7.9170526848,7.9170526809],-11035.5612812226],[[4.8701441486,7.9170526693,7.9170524556,7.9170526724,7.9170526743,7.9170513808,10.0,7.9170526901,7.9170526868,4.815840539],-11269.1119853498],[[4.8158423298,7.9170526838,7.9170526746,7.9169065542,7.9170526756,4.8158423188,7.916102615,7.9170526881,7.9170526879,4.8158422492],-14320.0765334042]],"MyBenchmark":[[[-8.859623469e-21,-2.605850247e-24,4.126929983e-21,-2.089589479e-20,1.595122907e-20,3.803793318e-18,-2.29375447e-18,5.134074417e-23,1.416316877e-17,-4.0473682e-20],2.203279276e-34],[[-5.732920992e-25,2.112878498e-18,9.427148791e-27,5.120889899e-20,-3.900092357e-22,4.878753428e-21,-4.261134624e-20,5.968050265e-19,1.295501076e-20,-3.040146921e-22],4.825061746e-36],[[-1.89103848e-19,2.193872279e-20,-3.686173871e-18,1.489726157e-18,2.805564132e-20,-2.618198361e-19,-1.391896415e-21,-6.774195339e-22,4.26751672e-18,1.07840725e-20],3.41245578e-35]]},"GreyWolfOptimizer":{"ackley":[[[-0.0,0.0,-0.0,0.0,0.0,-0.0,0.0,-0.0,0.0,-2.056004294e-16],0.0],[[0.0,0.0,0.0,-7.297351455e-16,0.0,-0.0,-0.0,-0.0,0.0,-0.0],0.0],[[-0.0,-0.0,0.0,-0.0,-0.0,-0.0,0.0,-0.0,9.555621474e-16,-0.0],0.0]],"whitley":[[[0.0151012271,0.0153181233,-0.2137256789,0.0154354651,0.015543904,0.0150439035,0.0152993357,0.0151303774,0.015277422,0.0154317763],43.0340109276],[[0.054251194,-0.0133119924,0.2169715444,0.5659332336,0.5586151951,0.3403921051,0.5554023265,0.5619959392,0.3455119841,0.5260126557],62.9348929393],[[0.0163165534,0.0167900541,-0.000474412,0.0166970731,0.0168745642,0.0163025407,0.0165525911,0.0162636238,0.0165483198,0.2379155682],44.0687132686]],"alpine2":[[[7.9213820907,7.9133133735,7.9169972665,4.7945693117,4.8091022527,7.9163885457,4.8176713017,7.9127689815,7.9065579339,7.9182221815],-14315.2021434823],[[7.9046914117,4.821899809,4.8157773315,4.8176840159,4.8131800108,7.9276052745,7.9240226765,7.914444033,4.8309027557,7.9233848646],-8649.4027490815],[[7.92779736,7.9049674114,7.9278221321,7.9312634659,7.9138545852,7.9310972748,4.8108203148,4.8210348694,7.9256658962,4.8177899741],-14313.4295204061]],"MyBenchmark":[[[-8.627137866e-24,-8.188845729e-24,7.517159951e-24,-6.958468027e-24,7.375334242e-24,-7.866793012e-24,-8.56045384e-24,8.110924374e-24,7.446401543e-24,8.819025115e-24],6.349872247e-46],[[-1.944486802e-22,1.83889193e-22,-1.647798866e-22,-1.752018619e-22,-1.7765414e-22,-1.775024842e-22,1.954618381e-22,-1.723118415e-22,-1.682359941e-22,2.075221403e-22],3.318072426e-43],[[2.453422679e-23,-2.47644231e-23,2.959154198e-23,-2.584745334e-23,2.471850731e-23,-2.779384161e-23,2.327018413e-23,2.306632263e-23,-2.576893075e-23,-2.552902673e-23],6.531783079e-45]]}}