{"ReimplementationOfBatAlgorithm":{"MyBenchmark":[[[-0.4543874115,-0.0375227695,-1.1651823291,-1.4891070967,0.375172662,1.2458347798,-3.8297601339,0.8196910996,-1.449268362,0.3648461148],23.0482721626],[[-2.7508951722,-3.3049682399,-0.9491522066,-1.991750066,-0.844650611,-0.550439843,-1.1873254137,-1.6151852457,0.3431464822,-3.6284228287],41.6763829757],[[0.0760609658,1.1662845409,-0.5023948714,-2.5311602483,-1.9989628514,-2.2749642495,1.3150637679,5.3042677664,-1.5668006038,-2.7721169815],57.2006384707]],"ackley":[[[16.9939656647,9.9961630185,16.9934742892,6.997412994,-5.9975966033,1.9988447363,-3.9982433766,1.9995805105,-14.9942215234,-11.994837853],17.6701248075],[[2.9967826974,-2.9968407172,8.9911336491,-5.9939183966,0.9989892957,4.9952390507,9.990600807,-9.9891765292,15.9837502215,0.9985220384],15.8452759972],[[-16.9902024832,4.9971056903,-0.9996474985,1.998409885,-4.9969875309,-1.9985543448,-3.9974506561,-7.9950317882,-7.9952394447,-19.9887935998],16.9735814902]],"alpine2":[[[7.8616816701,7.9257707503,1.8533312179,4.8543704269,4.8266332094,7.890031227,1.8631427267,1.8379779328,4.7702089257,7.948439621],-1438.7425970233],[[4.5772461991,7.8270737387,7.811513486,5.0254488891,10.0,7.8089286758,1.7392709996,7.6446082794,4.6110771742,4.9339199755],-2760.3242049894],[[1.5114291781,4.6206217149,7.5809303279,4.7644993043,9.9998225352,4.8061827026,7.7571817156,7.6658443544,10.0,7.542702845],-1932.6992397069]],"whitley":[[[-0.9041513632,2.3177204658,-0.65189363,0.8106983865,-4.08515599,-2.0997373768,-4.5026743404,3.9427709841,3.8479794969,2.9576551644],10391632.6491880734],[[3.5475834379,-2.7102810459,-1.6267710145,-2.0034837269,1.1073013231,-2.7055742255,-3.5457405186,3.4699065466,-2.4726656595,-3.013747717],3753086.3273848952],[[4.5185950135,4.0801913517,2.5599189137,-4.1912489125,-0.5740009174,3.6463350633,1.9887518844,1.0620966008,-1.4989408919,-2.9804213726],9472426.2489823662]]}}